battery_capacity_kwh,charge_speed_kw,discharge_speed_kw,charge_factor_in_0_1,discharge_factor_in_0_1,min_perc_soc,state_number,action_number,beta,plots
16.000000,3.6,3.6,0.876000,0.876000,0,16,4,0.0001,True
16.000000,3.6,3.6,0.876000,0.876000,0,16,4,0.00025,True
16.000000,3.6,3.6,0.876000,0.876000,0,16,4,0.0005,True
16.000000,3.6,3.6,0.876000,0.876000,0,16,4,0.00075,True
16.000000,3.6,3.6,0.876000,0.876000,0,16,4,0.0011,True
16.000000,3.6,3.6,0.876000,0.876000,0,16,4,0.0025,True
16.000000,3.6,3.6,0.876000,0.876000,0,16,4,0.0051,True
16.000000,3.6,3.6,0.876000,0.876000,0,16,4,0.0075,True
16.000000,3.6,3.6,0.876000,0.876000,0,16,4,0.01,True
